"city_name","city_id"
"Port Blair","1"
"Adilabad","2"
"Anantapur","3"
"Chittoor","4"
"East Godavari","5"
"Guntur","6"
"Hyderabad","7"
"Karimnagar","8"
"Khammam","9"
"Krishna","10"
"Kurnool","11"
"Mahbubnagar","12"
"Medak","13"
"Nalgonda","14"
"Nellore","15"
"Nizamabad","16"
"Prakasam","17"
"Srikakulam","18"
"Visakhapatnam","19"
"Warangal","20"
"West Godavari","21"
"Akashiganga","22"
"Bhalukpong","23"
"Bhismaknagar","24"
"Bomdila","25"
"Itanagar","26"
"Malinithan","27"
"Digboi","28"
"Dispur","29"
"Guwahati","30"
"Haflong","31"
"Hajo","32"
"Majuli","33"
"Tezpur","34"
"Bhagalpur","35"
"Gaya","36"
"Patna","37"
"Chandigarh","38"
"Bhilai","39"
"Bilaspur","40"
"Raipur","41"
"Daman","43"
"Diu","44"
"Goa","45"
"Ahmedabad","46"
"Anand","47"
"Ankleshwar","48"
"Bharuch","49"
"Bhavnagar","50"
"Bhuj-Rudramata","51"
"Gandhinagar","52"
"Jamnagar","53"
"Kapadvanj","54"
"Morbi","55"
"Nadiad","56"
"Navsari","57"
"Porbandar","58"
"Rajkot","59"
"Rajpipla","60"
"Surat","61"
"Surendranagar","62"
"Vadodara","63"
"Valsad","64"
"Ambala","65"
"Bhiwani","66"
"Faridabad","67"
"Fatehabad","68"
"Gurgaon","69"
"Jhajjar","70"
"Jind","71"
"Kaithal","72"
"Karnal","73"
"Kurukshetra","74"
"Mahendragarh","75"
"Panchkula","76"
"Panipat","77"
"Rewari","78"
"Rohtak","79"
"Sirsa","80"
"Sonipat","81"
"Yamuna Nagar","82"
"Dalhousie","83"
"Kullu","84"
"Shimla","85"
"Solan","86"
"Gulmarg","87"
"Ladakh","88"
"Leh","89"
"Pahalgam","90"
"Srinagar","91"
"Adityapur","92"
"Bokaro","93"
"Dhanbad","94"
"Hazaribagh","95"
"Jamshedpur","96"
"Ranchi","97"
"Bagalkot","98"
"Bangalore","99"
"Belgaum","100"
"Bellary","101"
"Bidar","102"
"Bijapur","103"
"Chamarajanagar","104"
"Chikmagalur","105"
"Chitradurga","106"
"Coorg","107"
"Dakshina Kannada","108"
"Davangere","109"
"Gadag","110"
"Gulbarga","111"
"Hassan","112"
"Haveri","113"
"Kolar","114"
"Koppal","115"
"Mandya","116"
"Mysore","117"
"Raichur","118"
"Shimoga","119"
"Tumkur","120"
"Udupi","121"
"Uttara Kannada","122"
"Alappuzha","123"
"Ernakulam","124"
"Idukki","125"
"Kalpetta","126"
"Kannur","127"
"Kasaragod","128"
"Kollam","129"
"Kottayam","130"
"Kozhikode","131"
"Palakkad","132"
"Pathanamthitta","133"
"Lakshadweep","134"
"Anuppur","135"
"Ashoknagar","136"
"Balaghat","137"
"Barwani","138"
"Betul","139"
"Bhind","140"
"Bhopal","141"
"Chhindwara","142"
"Damoh","143"
"Datia","144"
"Dewas","145"
"Dhar","146"
"Dindori","147"
"Gwalior","148"
"Harda","149"
"Hoshangabad","150"
"Indore","151"
"Jabalpur","152"
"Jhabua","153"
"Katni","154"
"Khandwa","155"
"Khargone","156"
"Mandla","157"
"Mandsaur","158"
"Morena","159"
"Narsinghpur","160"
"Neemuch","161"
"Panna","162"
"Raisen","163"
"Rajgarh","164"
"Ratlam","165"
"Rewa","166"
"Sagar","167"
"Satna","168"
"Sehore","169"
"Seoni","170"
"Shahdol","171"
"Shajapur","172"
"Sheopur","173"
"Shivpuri","174"
"Sidhi","175"
"Tikamgarh","176"
"Ujjain","177"
"Umaria","178"
"Vidisha","179"
"Akola","181"
"Amravati","182"
"Aurangabad","183"
"Dhule","184"
"Jalgaon","185"
"Kolhapur","186"
"Mahabaleshwar","187"
"Mumbai","188"
"Nagpur","189"
"Nanded","190"
"Nashik","191"
"Pune","192"
"Sangli","193"
"Satara","194"
"Solapur","195"
"Thane","196"
"Wardha","197"
"Bishnupur","198"
"Chandel","199"
"Churachandpur","200"
"Imphal","201"
"Manipur","202"
"Senapati","203"
"Tamenglong","204"
"Ukhrul","205"
"East Khasi Hills","206"
"Jaintia Hills","207"
"Ri Bhoi","208"
"South Garo Hills","209"
"West Garo Hills","210"
"West Khasi Hills","211"
"Aizawl","212"
"Kolasib","213"
"Lunglei","214"
"Mamit","215"
"Mizoram","216"
"Vairengte","217"
"Dimapur","218"
"Kohima","219"
"Mokokchung","220"
"Mon","221"
"Phek","222"
"Tuensang","223"
"Wokha","224"
"Zunheboto","225"
"Balasore","226"
"Berhampur","227"
"Cuttack","229"
"Rourkela","230"
"Sambalpur","231"
"Pondicherry","232"
"Amritsar","233"
"Anandpur Sahib","234"
"Faridkot","235"
"Gurdaspur","236"
"Hoshiarpur","237"
"Jalandhar","238"
"Kapurthala","239"
"Ludhiana","240"
"Moga","241"
"Nangal","242"
"Pathankot","243"
"Patiala","244"
"Sanghol","245"
"Sangrur","246"
"Ajmer","247"
"Alwar","248"
"Bhilwara","249"
"Bikaner","250"
"Jaipur","251"
"Jodhpur","252"
"Kota","253"
"Udaipur","254"
"Gangtok","255"
"Gezing","256"
"Jorethang","257"
"Mangan","258"
"Pelling","259"
"Singtam","260"
"Yuksam","261"
"Chennai","262"
"Coimbatore","263"
"Cuddalore","264"
"Dharmapuri","265"
"Dindigul","266"
"Erode","267"
"Kanchipuram","268"
"Kanyakumari","269"
"Karur","270"
"Krishnagiri","271"
"Madurai","272"
"Nagapattinam","273"
"Namakkal","274"
"Neyveli","275"
"Perambalur","276"
"Pudukkottai","277"
"Ramanathapuram","278"
"Salem","279"
"Sivaganga","280"
"Thanjavur","281"
"Theni","283"
"Thoothukudi","284"
"Tiruchirappalli","285"
"Tirunelveli","286"
"Tiruvallur","287"
"Tiruvannamalai","288"
"Vellore","289"
"Viluppuram","290"
"Virudhunagar","291"
"Agartala","292"
"Agra","293"
"Aligarh","294"
"Allahabad","295"
"Ayodhya","296"
"Deoband","297"
"Etawah","298"
"Kanpur","299"
"Lucknow","300"
"Mirzapur","301"
"Almora","302"
"Bageshwar","303"
"Chamoli","304"
"Champawat","305"
"Dehradun","306"
"Nainital","308"
"Pauri","309"
"Pithoragarh","310"
"Rudraprayag","311"
"Tehri","312"
"Udham Singh Nagar","313"
"Uttarkashi","314"
"Durgapur","316"
"Kharagpur","317"
"Kolkata","318"
"Siliguri","319"
"Secunderabad","320"
"Vijayawada","321"
"Jammu","322"
"Mangalore","323"
"Hubli","324"
"Kochi","325"
"Thiruvananthapuram","326"
"Noida","327"
"Ghaziabad","328"
"Varanasi","329"
"Tinsukia","330"
"Panaji","331"
"Gandhidham","332"
"Mandi","333"
"Mohali","334"
"Kamrup","335"
"Nagaon","336"
"Jorhat","337"
"Dibrugarh","338"
"Silchar","339"
"Jagdalpur","340"
"Korba","341"
"Mehsana","342"
"Kangra","343"
"Thrissur","344"
"Chandrapur","345"
"Shillong","346"
"Khanna","347"
"East Sikkim","348"
"Kunjaban","349"
"Meerut","350"
"Gorakhpur","351"
"Jhansi","352"
"Roorkee","353"
"Haldwani","354"
"Asansol","355"
"Maldah","356"
"Vasco Da Gama","357"
"Vapi","358"
"Perinthalmanna","359"
"Shivali","360"
"Rajahmundry","361"
"Durg","362"
"Junagadh","363"
"Himatnagar","364"
"Hospet","365"
"one","366"
"Faizabad","367"
"Nicobar Islands","368"
"Tirupati","369"
"Bongaigaon","370"
"Golaghat","371"
"Muzaffarpur","372"
"Palanpur","373"
"Nagrota","374"
"Udhampur","375"
"Gonikoppal","376"
"Murudeshwara","377"
"Latur","378"
"Ratnagiri","379"
"Angul","380"
"Mandi Gobindgarh","382"
"Nawanshahr","383"
"Rupnagar","384"
"Rudrapur","385"
"Pali","386"
"Sikar","387"
"Nagercoil","388"
"Sivakasi","389"
"Tiruppur","390"
"Azamgarh","391"
"Bareilly","392"
"Greater Noida","393"
"Mathura","394"
"Moradabad","395"
"Muzaffarnagar","396"
"Bardhaman","397"
"Howrah","398"
"Guna","399"
"Basti","400"
"Bargarh","401"
"Bundi","402"
"Bijnor","403"
"Dabra","404"
"Deoria","405"
"Hanumangarh","406"
"Kayamkulam","407"
"Silvassa","408"
"Dumka","409"
"Hooghly","410"
"Jharsuguda","411"
"Shahjahanpur","412"
"Surguja","413"
"Uttar Dinajpur","414"
"Zirakpur","415"
"Yavatmal","416"
"Vaijnath","417"
"Nadia","418"
"Nagaur","419"
"Sundergarh","420"
"Pratapgarh","421"
"Hingoli","422"
"Godhra","423"
"Dakshin Dinajpur","424"
"Bhuj","425"
"Murshidabad","426"
"Muvattupuzha","427"
"Navi Mumbai","428"
"Banswara","429"
"Chittorgarh","430"
"Saharanpur (UP)","431"
"Uthangudi","433"
"Jeypore","434"
"Jorabat","435"
"Mayurbhanj","436"
"Bokakhat","438"
"Cooch Behar","439"
"Aluva","441"
"Hosur","442"
"Bhimavaram","443"
"North lakhimpur","444"
"Begusarai","445"
"Ambikapur","446"
"Baramati","447"
"Panvel","448"
"Bharatpur","449"
"Rajsamand","450"
"Sahibabad","451"
"Ramagundam","452"
"Shahbad","453"
"Narwana","454"
"Urmar Tanda","455"
"Barnala","456"
"Nakodar","457"
"Amb","458"
"Churu","459"
"Burhanpur","460"
"Attingal","461"
"Krishnanagar","463"
"Renukoot","464"
"Sultanpur","465"
"Dhaleshwar","466"
"Pattukkottai","467"
"Bodh gaya","468"
"Damtal","469"
"Ulhasnagar","470"
"Arrah","471"
"Bastar","472"
"Medininagar","473"
"Gossaigaon","474"
"Jaunpur","475"
"Motihari","476"
"Narnaul","477"
"Nawada","478"
"Ongole","479"
"Purnia","480"
"Siwan","481"
"Naharlagun","482"
"Nirjuli","483"
"Duliajan","484"
"Kalyan","485"
"Verna","486"
"Mahe","487"
"Punjagutta","488"
"Karaikal","489"
"Pimpri chinchwad","490"
"Vashi","491"
"Rajnagar","492"
"Bardoli","493"
"Tura","494"
"Beed","495"
"Palwal","496"
"Robertsganj","497"
"Jhunjhunu","498"
"Darbhanga","499"
"Vasai","501"
"Sangamner","502"
"Rajpura","503"
"Pollachi","504"
"Ramgarh","505"
"Kakinada","506"
"Thiruvalla","507"
"Manesar","508"
"Kozhencherry","509"
"Changanassery","510"
"Pala","511"
"Thalayolaparambu","512"
"Cherthala","513"
"Kattappana","514"
"Thodupuzha","515"
"Bahadurgarh","516"
"Ooty","517"
"Wayanad","518"
"Waidhan","519"
"Dasuya","520"
"Barpeta","521"
"Jagiroad","522"
"Pakur","523"
"Sasaram","524"
"Angamaly","525"
"Jaigaon","526"
"Mapusa","527"
"Deoghar","528"
"Nuvem","529"
"Karunagappally","530"
"Tirur","531"
"Porvorim","532"
"Hardoi","533"
"Kavaratti","534"
"Panagarh","535"
"Anantnag","536"
"Kashipur","537"
"Dhubri","538"
"Koraput","539"
"Dhamtari","540"
"Karikkad","541"
"Unjha","542"
"Gondia","543"
"Nandurbar","544"
"Sasthamkotta","545"
"Sawai madhopur","546"
"Kumbakonam","547"
"Hoskote","548"
"Dahegam","549"
"Payyanur","550"
"Chaksu","551"
"Dahod","552"
"Kottarakkara","553"
"Gopeshwar","554"
"Bulandshahr","555"
"Chirala","556"
"Mainpuri","558"
"Kalka","559"
"Punalur","560"
"Balotra","561"
"Kavathe-Mahankal","562"
"Bhandara","563"
"Ranni","564"
"Tonk","565"
"Anekal","566"
"Pulwama","567"
"Cherpulassery","568"
"Lohardaga","569"
"Dehra gopipur","570"
"Phagwara","571"
"Moodabidri","572"
"Valvada","573"
"Osmanabad","574"
"Raiganj","575"
"Hathras","576"
"Red hills","577"
"Gonda","578"
"Suratgarh","579"
"Raigarh","580"
"Triprayar","581"
"Mavelikara","582"
"Kaipamangalam","583"
"Moosapet","584"
"Thiruvarur","585"
"Rahata","586"
"Miraj","587"
"Godda","588"
"Gudivada","589"
"Nuzvid","590"
"Ballabhgarh","591"
"Bhachau","592"
"Gharaunda","593"
"Chiplun","594"
"Jalna","595"
"Taliparamba","596"
"Kheralu","597"
"Baran","598"
"Boisar","599"
"Dombivli","600"
"Chamba","601"
"Tripunithura","602"
"Visnagar","603"
"Belthangady","604"
"Ranbir Singh Pura","605"
"Bolangir","606"
"Rangat","607"
"Akbarpur","608"
"Surathkal","609"
"Baramulla","610"
"Jagtial","611"
"Pattambi","612"
"Baripada","613"
"Karkala","614"
"Unnao","615"
"Banga","616"
"Naraingarh","618"
"Akhnoor","620"
"Baharampur","621"
"Zira","622"
"Mettupalayam","623"
"Radaur","624"
"Modasa","625"
"Dholka","626"
"Kanhangad","627"
"Baraut","628"
"Anpara","629"
"Sinnar","630"
"Sohna","631"
"Gadhinglaj","632"
"Eluru","633"
"Dhenkanal","634"
"Tanda","635"
"Baloda Bazar","636"
"Rajim","637"
"Contai","638"
"Singrauli","639"
"Orai","640"
"Jagraon","641"
"Nilambur","642"
"Hajipur","643"
"Washim","644"
"Rajnandgaon","645"
"Dharmanagar","646"
"Neyyattinkara","647"
"Shahpura","648"
"Kodungallur","649"
"Patan","650"
"Vijapur","651"
"Paonta sahib","652"
"Adoor","653"
"Gohana","654"
"Mahasamund","655"
"Machhiwara","656"
"Cheeka","657"
"Kekri","658"
"Ramanagara","659"
"Wagholi","660"
"Barmer","661"
"Fazilka","663"
"Mulki","664"
"Danapur","665"
"Ballia","666"
"Garhshanker","667"
"Kundli","668"
"Kengeri","669"
"Dungarpur","670"
"Sirohi","671"
"Nayagarh","672"
"Kudal","673"
"Irinjalakuda","674"
"Dera Bassi","675"
"Kalamassery","676"
"Jaggaiahpeta","677"
"Nilamel","678"
"Talwara","679"
"Santrampur","681"
"Akluj","682"
"Gobichettipalayam","683"
"Kharar","684"
"Samalkha","685"
"Kupwara","687"
"Edapal","688"
"Jhalawar","689"
"Kundapur","690"
"Dausa","691"
"Kotputli","692"
"Kunnamkulam","693"
"Mahilpur","694"
"Patas","695"
"Veraval","696"
"Janjgir-Champa","697"
"Manjeri","698"
"Parbhani","699"
"Kankavli","700"
"Behror","701"
"Karwar","702"
"Malegaon","703"
"Canacona","704"
"Rampur","705"
"Pataudi","706"
"Safidon","707"
"Assandh","708"
"Khliehriat","709"
"Rajapalayam","710"
"Kalol","711"
"Jassur","712"
"Taleigao","713"
"Kathua","714"
"Bankura","715"
"Vadakara","716"
"Modinagar","717"
"Beawar","719"
"Giridih","720"
"Khopoli","721"
"Jandiala guru","722"
"Puttur","723"
"Gangavati","724"
"Vaduj","725"
"Karaikudi","726"
"Narasaraopet","727"
"Kothamangalam","728"
"Budaun","729"
"Mancherial","730"
"Suri","731"
"Hansi","733"
"Shrirampur","734"
"Indapur","735"
"Kothagudem","736"
"Perumbavoor","737"
"Malout","738"
"Amreli","739"
"Wadakkanchery","740"
"Haldia","741"
"Sullia","742"
"Jalalabad","743"
"Mundra","744"
"Didwana","745"
"Banda","746"
"Jangareddygudem","747"
"Waluj","748"
"Nurpur","749"
"Ichalkaranji","750"
"Karad","752"
"Vettichira","753"
"Bavla","754"
"Tiptur","755"
"Ponda","756"
"Botad","757"
"Kottakkal","758"
"Sindhanur","759"
"Narayangaon","760"
"Gondal","761"
"Nirmal","762"
"Mahoba","763"
"Chomu","764"
"Patran","765"
"Pasighat","766"
"Alibag","767"
"Ramanattukara","768"
"Chhapra","769"
"Nagole","770"
"Kanjirappally","771"
"Kokrajhar","772"
"Dhemaji","773"
"Nongpoh","774"
"Birbhum","775"
"Madhyamgram","776"
"Chengalpattu","777"
"Palayamkottai","778"
"Tamluk","779"
"Barasat","780"
"Pehowa","781"
"Mahad","782"
"Mansa","783"
"Hodal","784"
"Purulia","785"
"Bhawanipatna","786"
"Lalitpur","787"
"Thamarassery","788"
"Mannarkkad","789"
"Chikkaballapur","790"
"Kishangarh","791"
"Meham","792"
"Saswad","793"
"Sitapur","794"
"Bijolia","795"
"Tiruchengode","796"
"Farrukhabad","797"
"Dahanu","799"
"Neem-Ka-Thana","800"
"Fatehnagar","801"
"Sirhind-Fategarh","802"
"Karjat","803"
"Sirsi","804"
"Fatehpur","805"
"Chirawa","806"
"Sulur","807"
"Arambag","808"
"Kannauj","809"
"Nabha","810"
"Bolpur","811"
"Bangaon","812"
"Shirur","813"
"Amod","814"
"Chengannur","815"
"Thrithallur","816"
"Nathdwara","817"
"Doraha","818"
"Brahmapuri","819"
"Palsana","820"
"Kadi","821"
"Barabanki","822"
"Rayagada","823"
"Jagadhri","824"
"Chinsurah","825"
"Jaisalmer","826"
"Chalakudy","827"
"Muttom","828"
"Koyilandy","829"
"Parassala","830"
"Virar","831"
"Nohar","832"
"Biaora","833"
"Shrigonda","834"
"Kavali","835"
"Wani","836"
"Samastipur","837"
"Una","838"
"Machilipatnam","839"
"Bahraich","840"
"Basirhat","841"
"Mayiladuthurai","842"
"Pandharpur","843"
"Karimganj","844"
"Chikodi","845"
"Morigaon","846"
"Chavakkad","847"
"Uppinangady","848"
"Vaikom","849"
"Sharif Bihar","850"
"Nongstoin","851"
"Kallambalam","852"
"Bodeli","853"
"Nagoa","854"
"Papum Pare","855"
"Barshi","856"
"Hapur","857"
"Kasganj","858"
"Katihar","859"
"Mohania","860"
"Rath","861"
"Sagwara","862"
"Sri Muktsar Sahib","863"
"Gokak","864"
"Bhadrak","865"
"Gajraula","866"
"Baharagora","867"
"Uluberia","868"
"Jowai","869"
"Palus","870"
"Bhavani","871"
"Shikohabad","872"
"Unchahar","873"
"Dhrangadhra","874"
"Marthandam","875"
"Sillod","876"
"Omalur","877"
"Kushalanagar","878"
"Madikeri","879"
"Hindupur","880"
"Sumerpur","881"
"Gumla","882"
"Kotdwara","883"
"Rohru","884"
"Deoli","885"
"Uppala","886"
"Sultanpur Lodhi","887"
"Dharapuram","888"
"Hamirpur(UP)","889"
"Bihar Sharif","890"
"Rampura Phul","891"
"Diglipur","892"
"Hindaun","893"
"Jamui","894"
"Dalkhola","895"
"Vikarabad","896"
"Peddapalli","897"
"Sangareddi","898"
"Siddipet","899"
"Zahirabad","900"
"Kamareddy","902"
"Armoor","903"
"Huzurabad","904"
"Hanamkonda","905"
"Mahabubabad","906"
"Parkal","907"
"Jangaon","908"
"Bhadrachalam","909"
"Bhuvanagiri","910"
"Miryalaguda","911"
"Wanaparthy","912"
"Avanigadda","913"
"Tekkali","914"
"Gadwal","915"
"Jadcherla","916"
"Amalapuram","917"
"Kothapeta","918"
"Bapatla","919"
"Tenali","920"
"Razole","921"
"Ramachandrapuram","922"
"Mandapeta","923"
"Dharmavaram","924"
"Repalle","925"
"Sattenapalli","926"
"Samalkota","927"
"Guntakal","928"
"Rajampet","929"
"Mangalagiri","930"
"Chilakaluripet","931"
"Tadepalligudem","932"
"Proddatur","933"
"Kandukur","934"
"Addanki","935"
"Kanigiri","936"
"Attili","937"
"Tanuku","938"
"Palakol","939"
"Chandragiri","940"
"Markapur","941"
"Dargamitta","942"
"Gudur","943"
"Madanapalle","944"
"Palamaner","945"
"Narsipatnam","946"
"Srikalahasti","947"
"Parvathipuram","948"
"Bobbili","949"
"Adoni","950"
"Anakapalle","951"
"Chodavaram","952"
"Nandyal","953"
"Allagadda","954"
"Buckinghampet","955"
"Amudalavalasa","956"
"Ranga reddy","957"
"Madhapur","958"
"Changlang","959"
"Kurung Kumey","960"
"Lower Subansiri","961"
"Tawang","962"
"Tirap","963"
"West Kameng","964"
"West Siang","965"
"Arunachal Pradesh","966"
"Darrang","967"
"Goalpara","968"
"Karbi Anglong","969"
"Nalbari","970"
"Sonitpur","971"
"Nowgong","972"
"Mangaldai","973"
"Anandpur","974"
"Nalanda","975"
"Buxar","976"
"Bhojpur","977"
"Bettiah","978"
"Laheriasarai","979"
"Madhubani","980"
"Aurangabad(bh)","981"
"East Champaran","982"
"Gopalganj","983"
"Lakhisarai","984"
"Madhepura","985"
"Saran","986"
"Sitamarhi","987"
"West Champaran","988"
"Arwal","989"
"Jehanabad","990"
"Dalsingsarai","991"
"Sheikhpura","992"
"Munger","993"
"Banka","994"
"Barauni","995"
"Supaul","996"
"Saharsa","997"
"Bhabua","998"
"Kudra","999"
"Kochas","1000"
"Dehri on sone","1001"
"Rohtas","1002"
"Araria","1003"
"Kishanganj","1004"
"Barkakana","1005"
"Gobindpur","1006"
"Marhowrah","1007"
"Sheohar","1008"
"Vaishali","1009"
"Khambhalia","1010"
"Bilimora","1012"
"Mandvi (Kachchh)","1013"
"Kheda","1015"
"Panchmahal","1016"
"Dabhoi","1017"
"Narmada","1018"
"Rajpardi","1019"
"Kamrej","1020"
"Hisar","1022"
"Rampur Bushahr","1023"
"Reckong Peo","1024"
"Nahan","1025"
"Barsar","1026"
"Palampur","1027"
"Dharamshala","1028"
"Hamirpur(hp)","1029"
"Jammu Tawi","1030"
"Gandhi Nagar","1031"
"Budgam","1032"
"Doda","1033"
"Poonch","1034"
"Rajauri","1035"
"Bakshi Nagar","1036"
"Shastri nagar jammu","1037"
"Prem Nagar Doda","1038"
"Rehari Colony","1039"
"Sainik Colony Jammu","1040"
"Channi Himmat","1041"
"Janipur","1042"
"Bhadarwah","1043"
"Residency Road Jammu","1044"
"New Plot Jammu","1045"
"Bhalwal","1046"
"Chatra","1047"
"East Singhbhum","1048"
"Jamtara","1049"
"Koderma","1050"
"Latehar","1051"
"Sahibganj","1052"
"Seraikela-kharsawan","1053"
"West Singhbhum","1054"
"Simdega","1055"
"Sindri","1057"
"Gomoh","1058"
"Gobindpur (JH)","1059"
"Musabani","1060"
"Patamda","1061"
"Chakulia","1062"
"Ghatsila","1063"
"Nanjangud","1064"
"Ranebennuru","1065"
"Kumta","1066"
"Nargund","1067"
"Harpanahalli","1068"
"Hampi Power House","1069"
"Yadgir","1070"
"Shorapur","1071"
"Shahabad","1072"
"Indi","1073"
"Jamakhandi","1074"
"Tilakwadi","1075"
"Bailhongal","1076"
"Ramdurg","1077"
"Hukkeri","1079"
"Raibag","1080"
"Srirangapatna","1081"
"Kollegal","1082"
"Channapatna","1083"
"Arsikere","1084"
"Kulshekar","1085"
"Manipal","1086"
"Koppa","1087"
"Bhadravathi","1088"
"Davangare","1089"
"Olavakkode","1090"
"Alleppy","1091"
"Ottapalam","1092"
"Ponnani","1093"
"Shertally","1094"
"Vatakara","1095"
"Malappuram","1096"
"Thariyode","1097"
"Narasimhapur","1098"
"Indore Yeshwant Road","1099"
"Lashkar","1101"
"Sawantwadi","1102"
"Vengurla","1103"
"Malvan","1104"
"Devgadh","1105"
"Bhiwandi","1106"
"New Bombay","1107"
"Palghar","1108"
"Matheran","1109"
"Chalisgaon","1110"
"Chinchwad","1111"
"Bhusawal","1112"
"Daund","1113"
"Ahmednagar","1114"
"Gondia Civil Lines","1115"
"Bhandra","1116"
"Buldhana","1117"
"Khamgaon","1118"
"Paratwada","1119"
"Asegaon","1120"
"Bhayandar","1121"
"Ahmed Nagar","1122"
"Gadchiroli","1123"
"Raigarh(mh)","1124"
"Sindhudurg","1125"
"Raigad","1126"
"Leikai","1127"
"Thoubal","1128"
"Aizwal","1129"
"Longleng","1130"
"Boudh","1132"
"Ganjam","1133"
"Kalahandi","1134"
"Kendrapara","1135"
"Kendujhar","1136"
"Khordha","1137"
"Nabarangpur","1138"
"Puri","1139"
"Khurda","1140"
"CHANDNI CHOWK CUTTACK","1141"
"Athgarh","1142"
"Jagatsinghpur","1143"
"Jaleswar","1144"
"Rairangpur","1145"
"Chhatrapur","1146"
"Aska","1147"
"Bhanjanagar","1148"
"Paralakhemundi","1149"
"Phulbani","1150"
"Gurudaspur","1152"
"Bathinda","1153"
"Sambhar Lake","1155"
"Nasirabad","1156"
"Madanganj","1157"
"Marwar","1158"
"Mavli","1159"
"Kankroli","1160"
"Deeg","1161"
"Bayana","1162"
"Gangapur ","1163"
"Karauli","1164"
"Rawatbhata","1165"
"Dholpur","1166"
"Ratangarh","1167"
"Makrana","1168"
"Sri Madhopur","1169"
"Jalore","1170"
"Sri Ganganagar","1171"
"Avadi","1172"
"Tirukoilur","1173"
"Vridhachalam","1174"
"Virudhachalam","1175"
"Ulundurpet","1176"
"Tindivanam","1177"
"Melur","1178"
"Aruppukottai","1179"
"Srivilliputhur","1180"
"Sirkazhi","1181"
"Periyakulam","1182"
"Melakaveri","1183"
"Ambasamudram","1184"
"Mannargudi","1185"
"Papanasam","1186"
"Kovilpatti","1187"
"Sankarankovil","1188"
"Kulithalai","1189"
"Srivaikuntam","1190"
"Srirangam","1191"
"Thuckalay","1192"
"Parli","1193"
"Avinashi","1194"
"Lalgudi","1195"
"Udumalaipettai","1196"
"Kadamparai","1197"
"Coonoor","1198"
"Kotagiri","1199"
"Manamadurai","1200"
"Arakkonam","1201"
"Alagappapuram","1202"
"Devakottai","1203"
"Arni","1204"
"Ranipet","1205"
"Arcot","1206"
"Paramakudi","1207"
"Tiruppattur","1208"
"Sholavandan","1209"
"Palani","1210"
"Tallakulam","1211"
"Arasaradi","1212"
"Ariyalur","1213"
"Dhalai","1214"
"North Tripura","1215"
"South Tripura","1216"
"West Tripura","1217"
"Radhakishorepur","1218"
"Etah","1219"
"Nawabganj","1220"
"Fatehgarh","1221"
"Rasra","1222"
"Muzaffar Nagar","1223"
"Lalganj","1224"
"Balrampur","1225"
"Bansi","1226"
"Zamania","1227"
"Ghazipur","1228"
"Sandila","1229"
"Kunraghat","1230"
"Padrauna","1231"
"Khurja","1232"
"Mau Nath Bhanjan","1233"
"Auraiya","1234"
"Amroha","1235"
"Firozabad","1236"
"Chitrakoot","1237"
"Gautam Buddha Nagar","1238"
"Kanpur Dehat","1239"
"Kanpur Nagar","1240"
"Kushinagar","1241"
"mau","1242"
"Sant Kabir Nagar","1243"
"Sonbhadra","1244"
"Ambedkar Nagar","1245"
"Baghpat","1246"
"Lansdowne","1247"
"Bijnore","1248"
"Dhampur","1249"
"Shamli","1251"
"Pilibhit","1252"
"Ranikhet","1253"
"Alipore","1254"
"Katwa","1255"
"Rampurhat","1256"
"Balurghat","1257"
"Dhubulia","1258"
"Ranaghat","1259"
"Nabadwip","1260"
"Kandi","1261"
"Jalpaiguri","1262"
"North 24 Parganas","1264"
"South 24 Parganas","1265"
"Darjeeling","1266"
"24 Parganas","1267"
"Puruliya","1268"
"South Dinajpur","1269"
"Raghunathganj","1270"
"Baruipur","1271"
"Diamond Harbour","1272"
"Kanker","1273"
"Banderdewa","1274"
"Narsapur","1275"
"Suryapet","1276"
"Tuni","1277"
"Bihta","1278"
"Jashpur","1279"
"Koriya","1280"
"Bicholim","1281"
"Margao","1282"
"Deesa","1283"
"Bansda","1284"
"Raebareli","1285"
"Chandauli","1286"
"Shravasti","1287"
"Siddharthnagar","1288"
"Maharajganj","1289"
"Jalaun","1290"
"Sabarkantha","1291"
"Banaskantha","1292"
"Dang","1293"
"Vizianagaram","1294"
"Kodagu","1295"
"Dharwad","1296"
"Gajapati","1297"
"Kandhamal","1298"
"Malkangiri","1299"
"Nuapada","1300"
"Balangir","1301"
"Debagarh","1302"
"Cachar","1303"
"Dima Hasao","1304"
"Hailakandi","1305"
"East Kameng","1306"
"Upper Siang","1307"
"East Siang","1308"
"Upper Subansiri","1309"
"Lohit","1310"
"Dibang Valley","1311"
"Lower Dibang Valley","1312"
"East Garo Hills","1313"
"Serchhip","1314"
"Champhai","1315"
"Lawngtlai","1316"
"Saiha","1317"
"Peren","1318"
"Kiphire","1319"
"Khagaria","1320"
"Palamu","1321"
"Garhwa","1322"
"Fatehgarh Sahib","1323"
"Sirmaur","1324"
"Kinnaur","1325"
"Lahaul And Spiti","1326"
"Kargil","1327"
"Kaushambi","1328"
"Sant Ravidas Nagar","1329"
"Kawardha","1330"
"Dantewada","1331"
"Narayanpur","1332"
"Nilgiris","1333"
"Manali","1334"
"Bhanpuri","1335"
"Cuncolim","1336"
"Dharbandora","1337"
"Barwala","1338"
"Devgadh Baria","1339"
"Idar","1340"
"Jasdan","1341"
"Jetpur","1342"
"Karjan","1343"
"Kim","1344"
"Mahuva","1345"
"Mandal","1346"
"Mansa (GJ)","1347"
"Moti Khavdi","1348"
"Olpad","1349"
"Padra","1350"
"Prantij","1351"
"Sayan","1352"
"Viramgam","1353"
"Barara","1354"
"Ellenabad","1355"
"Ganaur","1356"
"Murthal","1357"
"Nuh","1358"
"Sampla","1359"
"Bandipore","1360"
"Kulgam","1361"
"Sunderbani","1362"
"Athani","1363"
"Bangarapet","1364"
"Bantwal","1365"
"Devanahalli","1366"
"Kunigal","1367"
"Thokottu","1368"
"Balaramapuram","1369"
"Changaramkulam","1370"
"Koothattukulam","1371"
"Mallappally","1372"
"Paravur","1373"
"Urakam","1374"
"Barwaha","1375"
"Depalpur","1376"
"Ganj Basoda","1377"
"Kotma","1378"
"Maihar","1379"
"Mhow","1380"
"Sanwer","1381"
"Ankleshwar (MH)","1382"
"Kharghar","1383"
"Ambajogai","1384"
"Ambegaon","1385"
"Ballarpur","1386"
"Dapoli","1387"
"Dindori (MH)","1388"
"Urun Islampur","1389"
"Jaysingpur","1390"
"Khandala","1391"
"Murgud","1392"
"Pen","1393"
"Phaltan","1394"
"Rajapur","1395"
"Warud","1396"
"Batala","1397"
"Devigarh","1398"
"Jaitu","1399"
"Mukerian","1400"
"Raikot","1401"
"Nihal Singh Wala","1402"
"Pohir","1403"
"Bagru","1404"
"Bassi","1405"
"Bhiwadi (RJ)","1406"
"Neemrana","1407"
"Nokha","1408"
"Rajgarh (RJ)","1409"
"Annur","1410"
"Attur","1411"
"Harur","1412"
"Katpadi","1413"
"P.N Palayam","1414"
"Valliyur","1415"
"Naugarh","1416"
"Bakshi Ka Talab","1417"
"Chandausi","1418"
"Mahmudabad","1419"
"Rishikesh","1420"
"Srinagar (UK)","1421"
"Ramnagar","1422"
"Bishnupur (WB)","1423"
"Chandrakona","1424"
"Ghatal","1425"
"Kalyani","1426"
"Naihati","1427"
"Tarakeswar","1428"
"Guruvayoor","1429"
"Tadipatri","1430"
"Hilsa","1431"
"Mittapalli","1432"
"Ganderbal","1433"
"Beldanga","1434"
"Sonepur","1435"
"Sanchore","1436"
"Patancheru","1437"
"Tenkasi","1438"
"Alandi","1439"
"Manendragarh","1440"
"Raver","1441"
"Bilaspur(HP)","1442"
"Dadri","1443"
"Pratapgarh(RJ)","1444"
"Narayanpur (CH)","1445"
"Bijapur (CH)","1446"
"Nimbahera","1447"
"Vita","1448"
"Phusro","1449"
"Vikasnagar","1450"
"Tapi","1451"
"Shirdi","1452"
"Kuchaman City","1453"
"Khunti","1454"
"Ankola","1455"
"Wai","1456"
"Kahalgaon","1457"
"Rupnarayanpur","1458"
"Raniganj","1459"
"Metpally","1460"
"Thiruttani","1461"
"Samrala","1462"
"Dankuni","1463"
"Vadkhal","1464"
"Kadapa","1465"
"Gajuwaka","1466"
"Malbazar","1468"
"Sodawas","1469"
"Phillaur","1470"
"Umbergaon","1471"
"Dharampur","1472"
"Mayabunder","1473"
"Sagara","1474"
"Udalguri","1475"
"Chirang","1476"
"Baksa","1477"
"Sivasagar","1478"
"Lakhimpur(Assam)","1479"
"Agar Malwa","1480"
"Balod","1481"
"Bemetara","1482"
"Gariaband","1483"
"Kondagaon","1484"
"Kabirdham","1485"
"Mungeli","1486"
"Surajpur","1487"
"Sukma","1488"
"Ramanujganj","1489"
"Balesar","1490"
"Shergarh (RJ)","1491"
"Phalodi","1492"
"Bhopalgarh","1493"
"Bilara","1494"
"Piparcity","1495"
"Osian","1496"
"Luni","1497"
"Koratty","1498"
"Sathupalli","1499"
"Jaitaran","1500"
"Sojat","1501"
"Bali","1502"
"Rani","1503"
"Falna","1504"
"Sonepur(OR)","1505"
"Ambernath","1506"
"Badlapur","1507"
"Shahad","1508"
"Poonamallee","1509"
"Panoor","1510"
"Perambra","1511"
"Gudalur","1512"
"Sitarganj","1513"
"Nalagarh","1514"
"Chakdaha","1515"
"Mira Road","1516"
"Sultan Bathery","1517"
"Nedumangad","1518"
"Santiniketan","1519"
"Thalassery","1520"
"Khatima","1521"
"Bijoynagar","1522"
"Abu Road","1523"
"Sanand","1524"
"Curchorem","1525"
"Dharuhera","1526"
"Bhadravati","1527"
"Kangayam","1528"
"Ramganj Mandi","1529"
"Ambala Cantonment","1530"
"Amloh","1531"
"Nallapadu","1532"
"Gadarwara","1533"
"Halol","1534"
"Itarsi","1535"
"Joda","1536"
"Kelambakkam","1537"
"Konnagar","1538"
"Newai","1539"
"Naila-Janjgir","1540"
"Rawatsar","1541"
"Sachin","1542"
"Satana","1543"
"Shujalpur","1544"
"Patti","1545"
"Sarhali","1546"
"Kiraoli","1547"
"Jobner","1548"
"Sarangarh","1549"
"Alipurduar","1550"
"Mount Abu","1551"
"Ajitgarh","1553"
"Dhuri","1554"
"Kheri","1555"
"Kutch","1556"
"Midnapore","1557"
"Satyamanglam","1558"
"Amethi","1560"
"Anakaputhur","1561"
"Anandapur","1562"
"Bagaha","1563"
"Bahjoi","1564"
"Barhalganj","1565"
"Bhatapara","1566"
"Byasanagar","1567"
"Chaibasa","1568"
"Chakradharpur","1569"
"Chintamani","1570"
"Diphu","1571"
"Gauriganj","1572"
"Ghatampur","1573"
"Harihar","1574"
"Jagdishpur","1575"
"Jam Jodhpur","1576"
"Joya","1577"
"Kadiri","1578"
"Khair","1579"
"Khalilabad","1580"
"Khowai","1581"
"Konch","1582"
"Mahisagar","1583"
"Mewat","1584"
"Nakur","1585"
"Palladam","1587"
"Ponneri","1588"
"Rahuri","1589"
"Ramapuram","1590"
"Rayadurg","1591"
"Sadabad","1592"
"Sadasivpet","1593"
"Sahaswan","1594"
"Samba","1595"
"Sambhal","1596"
"Siddapura","1597"
"Sikandrabad","1598"
"Soron","1599"
"Sri Karanpur","1600"
"Tetri Bazar","1601"
"Thiruthuraipoondi","1602"
"Varkala","1603"
"Yerraguntla","1604"
"New Town","1605"
"Baddi","1606"
"Nagarkurnool","1607"
"Kesarapalle","1608"
"Tandur","1609"
"Saraipali","1610"
"Ashta","1611"
"Pakhanjore","1612"
"Kadur","1613"
"Ibrahimpatnam","1614"
"Alamcode","1615"
"Piravom","1616"
"Ahwa","1617"
"Kosamba","1618"
"Talasari","1619"
"Khambhat","1620"
"Chikhli","1621"
"Bandikui","1622"
"Hojai","1623"
"Biswanath Chariali","1624"
"Iritty","1625"
"Katol","1626"
"Marigaon","1627"
"Purnea","1628"
"Dadra And Nagar Haveli","1629"
"New Delhi","1630"
"Navasari","1631"
"Sonepat","1632"
"Ambala City","1633"
"Thane (West)","1634"
"Nabarangapur","1636"
"Berhampore","1637"
"Dhaulpur","1638"
"Tirupur","1639"
"Pudukkotai","1640"
"KanpurDehat","1641"
"Farukhabad","1642"
"Haridwar","1643"
"Malda","1644"
"Bhadohi","1645"
"Bapdi","1646"
"Trichy","1647"
"Maner","1648"
"Vadalur","1649"
"Abhayapuri","1650"
"Champa","1651"
"Sendhwa","1652"
"Vadgaon Kasba","1653"
"Jajmau","1655"
"Seohara","1656"
"Vadipatti","1657"
"Achalpur","1658"
"Pathardi","1659"
"Vadnagar","1660"
"Achhnera","1661"
"Pathri","1662"
"Seoni-Malwa","1663"
"Adalaj","1664"
"Jalandhar Cantt.","1665"
"Mangalvedhe","1666"
"Vaijapur","1667"
"Adari","1668"
"Chandil","1669"
"Manglaur","1670"
"Shahabad Hardoi","1671"
"Mangrol","1672"
"Shahabad Rampur","1673"
"Valparai","1674"
"Adityana","1675"
"Chandrapura","1676"
"Patratu","1677"
"Shahade","1678"
"Adityapatna","1679"
"Chanpatia","1680"
"Mangrulpir","1681"
"Pattamundai","1682"
"Vandavasi","1683"
"Charkhi Dadri","1684"
"Jamalpur","1685"
"Manihari","1686"
"Sahdol","1687"
"Vaniyambadi","1688"
"Chapirevula","1689"
"Jammalamadugu","1690"
"Manjlegaon","1691"
"Shahganj","1692"
"Adra","1693"
"Mankachar","1694"
"Patur","1695"
"Adyar","1696"
"Charkhari","1697"
"Manmad","1698"
"Pauni","1699"
"Shahpur","1700"
"Afzalpur","1701"
"Pavagada","1702"
"Manuguru","1703"
"Payyannur","1704"
"Vedaranyam","1705"
"Ahiwara","1706"
"Jandiala","1707"
"Manvi","1708"
"Pedana","1709"
"Shamgarh","1710"
"Vellakoil","1711"
"Chendamangalam","1712"
"Manwath","1713"
"Peddapuram","1714"
"Ahmedgarh","1715"
"Janjgir","1716"
"Shamsabad Agra","1717"
"Venkatagiri","1718"
"Jashpurnagar","1719"
"Shamsabad Farrukhabad","1720"
"Ahmedpur","1721"
"Jaspur","1722"
"Margherita","1723"
"Shegaon","1724"
"Vicarabad","1725"
"Jatani","1726"
"Marhaura","1727"
"Peravurani","1728"
"Cheruthazham","1729"
"Mariani","1730"
"Peringathur","1731"
"Shendurjana","1732"
"Vijainagar","1733"
"Ajra","1734"
"Perinthalmana","1735"
"Shenkottai","1736"
"Akaltara","1737"
"Chhatarpur","1738"
"Sheoganj","1739"
"Vijayapura","1740"
"Akathiyoor","1741"
"Marmagao","1742"
"Periyasemur","1743"
"Jhajha","1744"
"Masaurhi","1745"
"Pernampattu","1746"
"Vikramasingapuram","1747"
"Akkalkot","1748"
"Mathabhanga","1749"
"Sherghati","1750"
"Villupuram","1751"
"Chinchani","1752"
"Petlad","1753"
"Sherkot","1754"
"Vinukonda","1755"
"Akot","1756"
"Chinna salem","1757"
"Jhanjharpur","1758"
"Mattannur","1759"
"Shiggaon","1760"
"Aland","1761"
"Mauganj","1762"
"Shikapur","1763"
"Jhargram","1764"
"Maur","1765"
"Shikarpur  Bulandshahr","1766"
"Alang","1767"
"Chirkunda","1768"
"Jhumri Tilaiya","1769"
"Mavoor","1770"
"Phulabani","1771"
"Aldona","1772"
"Chirmiri","1773"
"Mayang Imphal","1774"
"Phulera","1775"
"Phulpur","1777"
"Viswanatham","1778"
"Medinipur","1779"
"Chittur-Thathamangalam","1780"
"Pihani","1781"
"Shirpur-Warwade","1782"
"Jogabani","1783"
"Mehkar","1784"
"Pilani","1785"
"Vrindavan","1786"
"Jogendranagar","1787"
"Mehmedabad","1788"
"Pilibanga","1789"
"Shishgarh","1790"
"Vyara","1791"
"Alnavar","1792"
"Chockli","1793"
"Memari","1794"
"Wadgaon Road","1795"
"Along","1796"
"Churi","1797"
"Merta City","1798"
"Pilkhuwa","1799"
"Wadhwan","1800"
"Alur","1801"
"Mhaswad","1802"
"Pindwara","1803"
"Sholingur","1804"
"Wadi","1805"
"Junnar","1806"
"Mhow Cantonment","1807"
"Pinjore","1808"
"Shoranur","1809"
"Amadalavalasa","1810"
"Colgong","1811"
"Mhowgaon","1812"
"Pipar City","1813"
"Mihijam","1814"
"Pipariya","1815"
"Amalner","1816"
"Miraroad (E)","1817"
"Piro","1818"
"Wankaner","1819"
"Amarpur","1820"
"Kadirur","1821"
"Pithampur","1822"
"Shrirangapattana","1823"
"Wara Seoni","1824"
"Ambad","1825"
"Kagaznagar","1826"
"Mirganj","1827"
"Pithapuram","1828"
"Ambagarh Chowki","1829"
"Cuddapah","1830"
"Kailaras","1831"
"Siana","1832"
"Ambaji","1833"
"Curchorem Cacora","1834"
"Kailashahar","1835"
"Sibsagar","1836"
"Warhapur","1837"
"Ambaliyasan","1838"
"Mithapur","1839"
"Polur","1840"
"Warisaliganj","1841"
"Kakching","1843"
"Warora","1844"
"Ambikanagara","1845"
"Chandan Bara","1846"
"Sidhpur","1847"
"Kalan Wali","1848"
"Sidlaghatta","1849"
"Ambivali Tarf Wankhal","1850"
"Kalavad","1851"
"Mogalthur","1852"
"Ponnur","1853"
"Sihor","1854"
"Amguri","1855"
"Sihora","1857"
"Amini","1858"
"Kalimpong","1859"
"Porsa","1860"
"Sikanderpur","1861"
"Amlabad","1863"
"Mokama","1864"
"Sikandra Rao","1865"
"Yanam","1866"
"Amli","1867"
"Dalli-Rajhara","1868"
"Kalliasseri","1869"
"Mokameh","1870"
"Powayan","1871"
"Dalsinghsarai","1872"
"Kalpi","1873"
"Yawal","1874"
"Daltonganj","1875"
"Monoharpur","1876"
"Silao","1877"
"Yellandu","1878"
"Daman and Diu","1879"
"Silapathar","1880"
"Yemmiganur","1881"
"Prithvipur","1882"
"Kalyandurg","1883"
"Morinda","1884"
"Yevla","1885"
"Morshi","1886"
"Dasua","1887"
"Kamthi","1888"
"Pudupattinam","1889"
"Zaidpur","1890"
"Anandnagaar","1891"
"Pukhrayan","1892"
"Ananthapur","1893"
"Daudnagar","1894"
"Motipur","1895"
"Pulgaon","1896"
"Sindgi","1897"
"Puliyangudi","1898"
"Sindhnur","1899"
"Ancharakandy","1900"
"Kanjikkuzhi","1901"
"Mudalgi","1902"
"Singapur","1903"
"Andada","1904"
"Mudbidri","1905"
"Muddebihal","1907"
"Anjangaon","1908"
"Dehgam","1909"
"Mudhol","1910"
"Punjaipugalur","1911"
"Sira","1912"
"Abohar ","1913"
"Anjar","1914"
"Kantabanji","1915"
"Mukatsar","1916"
"Punganur","1917"
"Sircilla","1918"
"Anklav","1919"
"Dehri-on-Sone","1920"
"Kanti","1921"
"Puranpur","1922"
"Sirhind Fatehgarh Sahib","1923"
"Anakapalli","1924"
"Mukhed","1925"
"Purna","1926"
"Sirkali","1927"
"badrachalam","1928"
"Muktsar","1929"
"Annigeri","1930"
"Devarakonda","1931"
"Mul","1932"
"Sironj","1933"
"Calicut","1934"
"Antaliya","1935"
"Devgarh","1936"
"Mulbagal","1937"
"Purquazi","1938"
"Chittor","1939"
"Multai","1940"
"Sirsaganj","1941"
"Karanjia","1943"
"Purwa","1944"
"Mundargi","1946"
"Pusad","1947"
"Gobi","1948"
"Arambagh","1949"
"Siruguppa","1950"
"Gudiwada","1951"
"Arambhada","1952"
"Arang","1954"
"Muradnagar","1955"
"Qadian","1956"
"Murliganj","1957"
"Quilandy","1958"
"ilkal","1959"
"Karoran","1961"
"Rabkavi Banhatti","1962"
"Jagityal","1963"
"Areraj","1964"
"Kartarpur","1965"
"Murtijapur","1966"
"Radhanpur","1967"
"Sivagiri","1968"
"Arkalgud","1969"
"Murwara","1970"
"Jangoan","1971"
"Arki","1972"
"Karungal","1973"
"Rafiganj","1974"
"Kandukuru","1975"
"Mussoorie","1977"
"Raghogarh-Vijaypur","1978"
"Sohagpur","1979"
"Aroor","1980"
"Dhekiajuli","1981"
"Muvatupuzha","1983"
"Raghunathpur","1984"
"Kuzhithurai","1985"
"Rahatgarh","1986"
"Machlipatnam","1987"
"Madanapalli","1988"
"Aruppukkottai","1989"
"Mahabubnagar","1990"
"Arvi","1991"
"Sonamukhi","1992"
"Asankhurd","1993"
"Dhulian","1994"
"Markapuram","1995"
"Songadh","1996"
"Asarganj","1997"
"Nadbai","1998"
"Ashok Nagar","1999"
"Miryal guda","2001"
"Dighwara","2002"
"Soro","2003"
"Naidupeta","2004"
"Ashtamichira","2005"
"Keonjhar","2006"
"Raisinghnagar","2007"
"Asika","2008"
"Dinanagar","2009"
"Keshod","2010"
"Nagar","2011"
"Rajagangapur","2012"
"Soyagaon","2013"
"Narsapuram","2014"
"Asola","2015"
"Keylong","2016"
"Nagari","2017"
"Narsaraopeta ","2018"
"Rajakhera","2019"
"Ongle","2020"
"Ateli","2021"
"Dipka","2022"
"Rajaldesar","2023"
"Nagda","2024"
"Rajam","2025"
"Piduguralla","2026"
"Srinivaspur","2027"
"Proddutur","2028"
"Atul","2029"
"Dongargarh","2030"
"Nagina","2031"
"Srisailam Project (Right Flank Colony) Township","2032"
"Aurad","2033"
"Duliajan Oil Town","2034"
"Nagla","2035"
"Srirampore","2036"
"Ranebennur","2037"
"Dumdum","2039"
"Rajgarh (Alwar)","2040"
"Sasthamcotta","2041"
"Rajgarh (Churu)","2042"
"Suar","2043"
"Ausa","2044"
"Dumraon","2045"
"Sugauli","2046"
"Avinissery","2047"
"Durg-Bhilai Nagar","2048"
"Khedbrahma","2049"
"Rajgir","2050"
"Sujangarh","2051"
"Naila Janjgir","2053"
"Sujanpur","2054"
"Sultanganj","2055"
"Thiruvannamalai","2056"
"Babiyal","2057"
"Dwarka","2058"
"Nainpur","2059"
"Tiruchirapalli","2060"
"Najibabad","2061"
"Tirupathi","2062"
"Bade Bacheli","2063"
"Badaun","2064"
"Erattupetta","2065"
"Khurai","2066"
"Rajula","2067"
"Sunabeda","2068"
"Tuticorin","2069"
"Badepalle","2070"
"Kichha","2071"
"Nalasopara","2072"
"Rajura","2073"
"Sunam","2074"
"Badharghat","2075"
"Sundargarh","2076"
"Vishakhapatnam","2077"
"Namagiripettai","2078"
"Sundarnagar","2079"
"Kodad","2080"
"Ramanagaram","2081"
"Bahadurganj","2082"
"Kodinar","2083"
"Nanded-Waghala","2084"
"Surandai","2085"
"Nandgaon","2086"
"Nandivaram-Guduvancheri","2087"
"Rameshwaram","2088"
"Bairgania","2089"
"Farooqnagar","2090"
"Nandura","2091"
"Bakhtiarpur","2092"
"Suriyampalayam","2094"
"Tadpatri","2095"
"Baleshwar","2096"
"Kollankodu","2097"
"Nanjikottai","2098"
"Taki","2099"
"Fatehpur Chaurasi","2100"
"Rampur Maniharan","2101"
"Talaja","2102"
"Bally","2103"
"Fatehpur Sikri","2104"
"Narasapur","2105"
"Talcher","2106"
"Ballabgarh","2107"
"Koothuparamba","2108"
"Talegaon Dabhade","2109"
"Naraura","2110"
"Ramtek","2111"
"Talikota","2112"
"Narayanpet","2113"
"Fatwah","2115"
"Koratla","2116"
"Ranavav","2117"
"Talode","2118"
"Kot Kapura","2119"
"Narkatiaganj","2120"
"Forbesganj","2121"
"Narkhed","2122"
"Rangia","2123"
"Bamra","2124"
"Rania","2125"
"Cochin","2126"
"Firozpur","2127"
"Narsinghgarh","2128"
"Ranibennur","2129"
"Trivandrum","2130"
"Firozpur Cantt.","2131"
"Rapar","2132"
"Rasipuram","2134"
"Belagavi","2135"
"Banganapalle","2136"
"kottarakara","2137"
"Nasik","2138"
"Tarana","2139"
"Banmankhi Bazar","2140"
"Taranagar","2141"
"Natham","2142"
"Ratia","2143"
"Taraori","2144"
"Sriganganagar","2145"
"Kovvur","2146"
"Tarikere","2147"
"Naugachhia","2148"
"Tarn Taran","2149"
"Barakar","2150"
"Naugawan Sadat","2151"
"Rau","2152"
"Tasgaon","2153"
"Barahiya","2154"
"Kuchinda","2155"
"Nautanwa","2156"
"Pimpalgaon","2157"
"Gauripur","2158"
"Navalgund","2159"
"Tekkalakota","2160"
"Kurali","2162"
"Kyathampalle","2163"
"Raxaul Bazar","2164"
"Tenu Dam-cum- Kathhara","2165"
"Ghatanji","2166"
"Lachhmangarh","2167"
"Rayachoti","2168"
"Terdal","2169"
"Barauli","2170"
"Ghatshila","2171"
"Ladnu","2172"
"Nawalgarh","2173"
"Barbigha","2174"
"Ladwa","2175"
"Lahar","2176"
"Nawapur","2177"
"Reengus","2178"
"Thakurdwara","2179"
"Giddarbaha","2180"
"Laharpur","2181"
"Rehli","2182"
"Thammampatti","2183"
"Barughutu","2184"
"Lakheri","2185"
"Renigunta","2186"
"Thana Bhawan","2187"
"Basna","2188"
"Goa Velha","2189"
"Lakhimpur Kheri ","2190"
"Thanesar","2191"
"Barbil","2192"
"Nehtaur","2193"
"Reoti","2194"
"Thangadh","2195"
"Gobindgarh","2196"
"Lakshmeshwar","2197"
"Nelamangala","2198"
"Barh","2199"
"Gobranawapara","2200"
"Lal Gopalganj Nindaura","2201"
"Nellikuppam","2202"
"Revelganj","2203"
"Tharad","2204"
"Tharamangalam","2205"
"Nepanagar","2206"
"Tharangambadi","2207"
"Gogri Jamalpur","2208"
"Theni Allinagaram","2209"
"Risod","2210"
"Thirumangalam","2211"
"Barpeta Road","2212"
"Lalsot","2213"
"Thirunindravur","2214"
"Barrackpore","2215"
"Lanka","2216"
"Nidadavole","2217"
"Robertson Pet","2218"
"Thiruparappu","2219"
"Lar","2220"
"Nilanga","2221"
"Thirupuvanam","2222"
"Gondiya","2223"
"Lathi","2224"
"Ron","2225"
"Basudebpur","2226"
"Gooty","2227"
"Nipani","2228"
"Rosera","2229"
"Thiruvallur","2230"
"Bhatinda","2231"
"Lilong","2232"
"Niwai","2233"
"Rudauli","2234"
"Bawal","2235"
"Limbdi","2236"
"Niwari","2237"
"Bazpur","2238"
"Lingsugur","2239"
"Loha","2240"
"Sabalgarh","2241"
"Behea","2242"
"Lonar","2243"
"Lonavla","2244"
"Sadalgi","2245"
"Thuraiyur","2246"
"Bellampalle","2247"
"Longowal","2248"
"Gumia","2249"
"Loni","2250"
"Noorpur","2251"
"Sadri","2252"
"Tilda Newra","2253"
"Belpahar","2254"
"Losal","2255"
"Sadulshahar","2257"
"Tilhar","2258"
"Bemetra","2259"
"Gundlupet","2260"
"Nowrozabad","2261"
"Safipur","2262"
"Lumding","2263"
"Bethamcherla","2264"
"Lunawada","2265"
"O Valley","2266"
"Tirora","2267"
"Gunupur","2268"
"Oddanchatram","2270"
"Tiruchendur","2271"
"Obra","2272"
"Macherla","2273"
"Sahaspur","2274"
"Tirukalukundram","2275"
"Tirukkoyilur","2276"
"Maddur","2277"
"Ottappalam","2278"
"Sahawar","2279"
"Bhagha Purana","2280"
"Madgaon","2281"
"Ozar","2282"
"Tirupattur","2283"
"Bhainsa","2284"
"P.N.Patti","2285"
"Sahjanwa","2286"
"Bhajanpura","2287"
"Pachora","2288"
"Saidpur","2289"
"Madhugiri","2290"
"Pachore","2291"
"Madhupur","2292"
"Pacode","2293"
"Sailu","2294"
"Bharthana","2295"
"Haibat (Yamuna Nagar)","2296"
"Padmanabhapuram","2297"
"Sainthia","2298"
"Tiruttani","2299"
"Hamirpur","2300"
"Sakleshpur","2301"
"Sakti","2302"
"Tiruvethipuram","2303"
"Magadi","2304"
"Paithan","2305"
"Salaya","2306"
"Tiruvuru","2307"
"Hanuman Junction","2308"
"Mahabaleswar","2309"
"Pakaur","2310"
"Tirwaganj","2311"
"Palacole","2312"
"Salur","2313"
"Titlagarh","2314"
"Bheemunipatnam","2315"
"Tittakudi","2317"
"Mahalingpur","2318"
"Samalkot","2319"
"Todabhim","2320"
"Samana","2321"
"Todaraisingh","2322"
"Harsawa","2323"
"Maharajpur","2324"
"Tohana","2325"
"Bhinmal","2326"
"Palasa Kasibugga","2327"
"Sambhalpur","2328"
"Hastinapur","2329"
"Sambhar","2330"
"Tuljapur","2331"
"Bhongir","2332"
"Hazaribag","2333"
"Samdhan","2334"
"Tulsipur","2335"
"Mahesana","2336"
"Palia Kalan","2337"
"Samthar","2338"
"Bhuban","2339"
"Mahidpur","2341"
"Palitana","2342"
"Tumsar","2343"
"Bhubaneshwar","2344"
"Mahnar Bazar","2345"
"Pondur","2346"
"Sanawad","2347"
"Tundla","2348"
"Hinjilicut","2349"
"Mahuli","2351"
"Pallapatti","2352"
"Sandi","2353"
"Hisua","2354"
"Pallikonda","2355"
"Uchgaon","2356"
"Bidhan Nagar","2357"
"Mahwa","2358"
"Sandur","2359"
"Palwancha","2360"
"Mainaguri","2361"
"Panagar","2362"
"Sangareddy","2363"
"Udaipurwati","2364"
"Makhdumpur","2365"
"Panagudi","2366"
"Sangaria","2367"
"Udgir","2368"
"Bikramganj","2369"
"Udhagamandalam","2370"
"Mal","2371"
"Sangole","2372"
"Bilasipara","2373"
"Hugli-Chuchura","2374"
"Malajkhand","2375"
"Panchla","2376"
"Hussainabad","2377"
"Pandharkaoda","2378"
"Malavalli","2380"
"Sankari","2381"
"Ujhani","2382"
"Biramitrapur","2383"
"Pandhurna","2384"
"Sankeshwar","2385"
"Birgaon","2386"
"Ichchapuram","2387"
"Malerkotla","2388"
"Pandua","2389"
"Santipur","2390"
"Umarga","2391"
"Sarangpur","2392"
"Bodhan","2393"
"Malkapur","2394"
"Sardarshahar","2395"
"Umarkhed","2396"
"Panniyannur","2398"
"Sardhana","2399"
"Umarkote","2400"
"Indranagar","2402"
"Malpura","2403"
"Panruti","2404"
"Sarni","2405"
"Malur","2406"
"Umred","2407"
"Islampur","2408"
"Manasa","2409"
"Pappinisseri","2410"
"Sasvad","2411"
"Umreth","2412"
"Brahmapur","2413"
"Manavadar","2414"
"Paradip","2415"
"Brajrajnagar","2416"
"Manawar","2417"
"Manchar","2418"
"Parangipettai","2419"
"Unnamalaikadai","2420"
"Budhlada","2421"
"Parasi","2422"
"Sathyamangalam","2423"
"Mandalgarh","2424"
"Paravoor","2425"
"Sattenapalle","2426"
"Upleta","2427"
"Jagatsinghapur","2428"
"Mandamarri","2429"
"Sattur","2430"
"Uran","2431"
"Burla","2432"
"Pardi","2433"
"Saunda","2434"
"Uran Islampur","2435"
"Jagdispur","2436"
"Mandawa","2437"
"Parlakhemundi","2438"
"Saundatti-Yellamma","2439"
"Uravakonda","2440"
"Jaggaiahpet","2441"
"Sausar","2442"
"Cambay","2443"
"Mandi Dabwali","2444"
"Parola","2445"
"Savarkundla","2446"
"Usilampatti","2447"
"Mandideep","2448"
"Partur","2449"
"Savanur","2450"
"Uthamapalayam","2451"
"Chakeri","2452"
"Savner","2453"
"Uthiramerur","2454"
"Jais","2455"
"Pasan","2456"
"Sawaimadhopur","2457"
"Utraula","2458"
"Mandvi","2459"
"Paschim Punropara","2460"
"Sedam","2461"
"Vadakkuvalliyur","2462"
"Chapra","2463"
"Baikunthpur","2464"
"Panjim","2465"
"Jamkhambaliya","2466"
"Ramgarh Cantt","2467"
"Yeola","2468"
"Niphad","2469"
"Butibori","2470"
"Jamkhed","2471"
"Jeur","2472"
"Kopergaon","2473"
"Chindwara","2474"
"Rahama","2475"
"Chandikhol","2477"
"Balugaon","2478"
"Sagar-Karnataka","2479"
"Pratapgarh-Rajasthan","2481"
"Ropar ","2482"
"Jhalarapatan","2483"
"Changalpet","2484"
"Kallakurichi","2485"
"Ramanathpuram","2486"
"Dharamnagar","2487"
"Belonia","2488"
"Mughalsarai","2489"
"Karwi (Chitrakoot)","2490"
"Bhinga","2491"
"Burdwan","2492"
"Egra","2493"
"Kalna","2494"
"Serampore","2495"
"Siuri","2496"
